id,text,label
219,Nikmati cicilan 0% hingga 12 bulan untuk pemesanan tiket pesawat air asia dengan kartu kredit bni!,neutral
209,"Kue-kue yang disajikan bikin saya bernostalgia. Semuanya tipikal kue zaman dulu, baik dari penampilan maupun rasa. Kuenya enak dan harganya juga murah.",positive
436,Ibu pernah bekerja di grab indonesia,neutral
394,"Paling suka banget makan siang di sini ayam sama sambalnya enak banget harganya luar biasa hemat, rasa ayamnya meresap sampai ketulangnya, es lidah buayanya juga segar bikin adem perut setelah makan sambal yang pedas, pelayannya sigap dan ramah, yang aku suka di tempat kasir ada tulisan 10% disumbangkan untuk beramal, buat makan jadi lebih enak ke perut",positive
592,Pelayanan bus DAMRI sangat baik,positive
317,Mau bikin postingan yang isinya mengedukasi customers gojek.,neutral
352,Ratusan rumah di medan terendam banjir,neutral
751,"Barangnya lumayan, cuma yang saya heran xiaomi redmi note 2 ini tombol onnya memang agak rusak? Terus baterai memang cepat low bat juragan?",negative
856,Sulit sekali mempercayai orang yang sudah pernah berkhianat,negative
504,"Lokasi di gombel dengan pemandangan semarang, datanglah malam karena lampu kota akan terlihat, makanan enak steak dan teh hangat menu wajib di sini, ambil spot di luar karena udara dingin dan sejuk",positive
13,"Waktu itu ke sini pesan nasi goreng dan kentang goreng, nasi gorengnya semua suka. Kentang gorengnya enak banget, dan presentasinya bagus. Keluarga bilang kopinya enak. Hal yang sangat baik di sini adalah tempatnya luas dan yang di luar bisa lihat pemandangan dusun bambu, tapi pelayanannya tidak cepat sehingga saya harus bertanya beberapa kali tentang pesanan saya. Harganya cukup mahal, namun karena makanannya enak semua jadi terbayarkan. Tidak perlu pikir dua kali jika mau ke tempat ini lagi.",positive
978,"Nasi goreng thailand di harga 35 ribu, polos, hanya ada suir ayam sedikit. Seafoodnya tidak ada.",negative
570,"Seperti yang kita tahu, brownies yang asli dari amerika adalah kue bantat yang memang berwarna cokelat. Toko amanda mengkreasikan brownies dengan memasaknya secara mengukus. Brownies kukus ini sama sekali nggak banget. Teksturnya malah sama dengan bolu biasa. Jadi menurut saya, ini bukan brownies.",negative
489,"Jika datang ke restoran ini sangat cocok pada sore dan malam hari, membawa pasangan untuk menikmati makan malam yang romantis dan pemandangan yang sangat menakjubkan",positive
862,"Pengalaman pertama cukup mengesankan karena cukup kaget ternyata setelah selesai memesan makanan, salah satu staf memberikan daun pisang ke meja saya bukan piring atau sendok, jadi jika makan di sini bersiaplah untuk makan menggunakan tangan karena kita akan merasakan sensasi yang unik ditambah alas makannya daun pisang.",positive
774,Salah satu area kuliner yang cukup menggugah selera. Namun jadi bingung juga milihnya. Akhirnya ku coba kerak telur dan mie kocok sembari mendengarkan pertunjukan musik dengan lagu-lagu nostalgia barat. Cukup direkomendasikan.,positive
950,Untuk memastikannya ibu bisa datang ke kantor cab bank mandiri tersebut pada hari dan jam kerja untuk penukaran uang.,neutral
614,"Naik kereta jayabaya malang - jakarta berhenti di gubeng, tiket 35 ribu plus asuransi 6 ribu via traveloka",neutral
569,Dpr memberi apresiasi atas keikutsertaan perempuan pada pilkada 2018.,neutral
666,"Saya datang untuk makan malam bersama keluarga. Ini pertama kali saya ke sini. Kondisi tidak terlalu ramai. Untuk interior, agak kotor menurut saya. Adanya remah-remah bekas makanan di lantai dan meja, sepertinya tidak dibersihkan secara sempurna. Untuk rasa makanan, standar, tidak terlalu istimewa.",negative
965,"Tolong bilang ke anggota dewan jangan lupa revisi perppu ormas dan ingatkan janjinya kalau perppu tidak direvisi, berbagai elemen masyarakat akan mengeluarkan sikap.",neutral
486,Keripik singkong itu makanan ringan terenak dan tepat buat menemani waktu tugas,positive
545,"Batagor dan siomay kingsley ini tidak mempunyai cabang di tempat lain. Makanannya enak, terutama batator dan siomay serta basonya dan tidak pakai pengawet. Dan jika ingin buat oleh-oleh ada paket yang bisa dibawa pulang. Dipertahankan lagi kualitasnya.",positive
707,"Jangan pernah pesan melalui layanan ini ya teman-teman. Mengecewakan! Villa -nya kotor, semua peralatannya tidak layak pakai",negative
514,"Pendaftaran mulai esok, kementerian kominfo buka beasiswa pelatihan digital untuk 1.000 orang",neutral
855,"Sebagai netijen yang baru april lalu piknik ke toba, hanya mau bilang bahwa benar banyak hal yang mengecewakan dari sistem pariwisata di sana. Parapat -nya kotor, susah cari akomodasi yang benar-benar bagus, agen transportasi tidak profesional, pokoknya tidak direkomendasikan pergi ke parapat.",negative
412,Kotor banget dan tidak di hiraukan oleh pelayan restoran. Mengecewakan sekali pelayanannya!,negative
590,"Tempatnya menurut saya biasa saja, kurang bersih. Makanannya pun biasa saja.",negative
456,"Untuk usaha yang dikeluarkan ke tempat ini hasilnya biasa-biasa saja. Yang mengecewakan adalah kualitas makanannya. Makanan hanya sekedar masak saja. Untuk kelas kuliner bandung yang enak-enak, ini mengecewakan. Ada karcis masuk per orang 10.000 dan mobil 15.000.",negative
467,Saya sekeluarga sedang cari tempat makan habis nonton. Kami bosan makan di resto / kafe di mal. Tiba-tiba terlihat resto di kanan jalan. Sudah lama kami tidak makan kari. Mampirlah kami ke resto yang tergolong kecil hanya 9 meja. Ternyata enak tempat dan makanannya.,positive
852,Kopi starbucks kenapa bisa enak banget sih,positive
861,"Katanya di sana akan dibangun transmart, di sebelah bangunan itu.",neutral
628,"Sungguh pengalaman unik, makan di tengah sawah di antara padi yang hampir menguning. Dengan pilihan menu yang variatif, penyajian yang menarik dan menggugah selera.",positive
181,"Makan bersama dengan para sistah beberapa waktu yang lalu, tempat nyaman, enak buat nongkrong, pelayanan bagus. Dah beberapa kali makan di sini.",positive
208,"Tempat oleh-olehnya lengkap dan cukup nyaman, mudah dijangkau, harganya terjangkau, serta pelayanannya ramah",positive
122,"Hai eviana, mohon maaf atas ketidaknyamanannya. Untuk kontak dari indosat dapat mengakses tautan ini: Silakan pengecekan ya. Terima kasih. Erf",neutral
655,Menunya indomie sama roti bakar. Untuk tempat sama seperti cabang yang lainnya nyaman buat kumpul. ,positive
182,"Sambal dengan daun serawung, tomat, dan cabe rawit. Rasa sambal ini yang membuat kota di garut yang namanya cibiuk jadi terkenal. Sambal ini bisa dinikmati dengan gurame goreng ataupun dengan ayam goreng. Rasanya sangat enak. Selain di lengkokng cibiuk juga memiliki banyak cabang",positive
316,Saya sudah konfirmasi ke pihak gramedia tapi dilempar-lempar tak ada kejelasan. Pihak gramed sampai spv di outlet tersebut saling lempar dan menyebut tidak ada promo. Kecewa dilempar-lempar begitu,negative
216,"Selamat siang, jika ada hal lain yang bapak akan tanyakan dapat mention kami kembali. Terima kasih zan",neutral
865,"Menurut kami tempat ini biasa saja tidak ada atraksi atau pemandangan yang menarik dengan harga tiket 10000 / orang, kalau pemandangan gunung ya memang sudah seharusnya karena berada di daerah tinggi. Untuk wisata kuliner juga tidak terlalu banyak pilihan seperti tempat yang satu lagi.",negative
894,"Saya sudah menjadi pelanggan madtari sejak tahun 2002, saat itu masih berupa warung tenda kecil yang sangat ramai malam hari. Beberapa tahun silam menempati bangunan yang permanen, sejak itu saya merasa kualitasnya agak menurun dibandingkan dengan saat di warung tenda. Yang jelas, harga naik cukup signifikan, dibandingkan warung serupa, mungkin lebih mahal.",negative
329,"Komentar pertama sudah pasti venue yang kece, pelayanan ramah sekali, dan untuk menu yang dipilih adalah ikan bakar dan sop buntutnya yang aku kasih nilai 4 tapi buat es buah itu aku kasih nilai 5 ya!",positive
169,"Di restoran ini makanan yang disediakan banyak sekali dan harga cukup terjangkau, suasana yang enak dan nyaman",positive
374,Aku iri melihat kalian yang bisa menemukan kebahagiaan.,negative
558,Habis beli pulsa mau daftar paket internet gagal terus dan suruh mengulang terus di 363 dan tetap tidak bisa,negative
776,"Tempatnya sangat bagus apa lagi malam hari dihias dengan lampu-lampu, sangat romantis. Cocok buat pasangan. Jauh dari keramaian. Udaranya sangat dingin. Kita dapat melihat keindahan kota dari atas.",positive
56,"Makanannya enak enak dan eye catching untuk di foto, suka. Tetapi minumannya juga enak dan tempatnya nyaman untuk kumpul kumpul dengan teman.",positive
529,"Ini kali kedua kunjungan saya. Semua makanan yang saya coba enak-enak, dan tempatnya masih semenawan dulu. Tidak pernah menyesal makan di sini.",positive
676,"Makanannya smoked chicken dan cheese sandwich, minumannya jus. Lumayan pas dan enak. Tempatnya memang enak buat yang ingin suasana hening santai jauh dari kebisingan.",positive
312,Obat tanpa resep sebaiknya dihindari ibu menyusui,neutral
568,"Semakin banyak tahu, semakin cemburu.",neutral
454,Karyawan malas untuk apa kasih cuti. Bisnis lagi jelek malah mau foya foya. Mikir dong!,negative
487,"Tempat yang berdampingan dengan air sungai dan rimbunnya pepohonan dan makanan yang lezat membuat betah dan cocok untuk beristirahat, berbagai jajanan juga tersedia di tempat ini, hawanya juga sejuk.",positive
621,"Tolong ya minimal, demi kemudahan nasabah agar di dalam stasiun tigaraksa diberikan mesin atm bni",neutral
820,"Kupat tahu gempol merupakan salah satu kupat tahu legendaris. Tempatnya tidak terlalu besar tetapi cukup mencolok dengan warna merahnya di pertigaan pasar gempol. Porsinya pas banget untuk menghilangkan lapar. Ciri khas dari kupat tahu ini adalah tahunya yang lembut dan kenyal serta kuah kacangnya pas di lidah, dipadu dengan lontong, tauge dan kerupuk merah. Enak sekali.",positive
44,"Wah sama seperti saya ini mas barusan, paket freedom l saya belum habis tapi sudah dibebankan tarif internet perlu sampai pulsa sekitar 40 ribu saya disedot perampok",negative
766,Rumah makan ini memang tergolong murah bila dibandingkan dengan rumah makan sejenisnya. Namun makanan yang disediakan biasa saja tidak ada yang istimewa. Sebagian besar makanannya hanya ikan atau ayam dengan cara masak digoreng. Bisa dibilang menu makanannya tidak ada variasi sama sekali.,negative
401,"Kamar mandi jauh dari layak, untuk cuci tangan tidak disediakan sabun.",negative
537,"Suasananya cocok bagi semua orang, baik anda yang ingin menyendiri, bersama keluarga, maupun dengan teman-teman dekat bertukar cerita",positive
733,Bakso favorit kami sekeluarga. Rasanya gurih dan super enak. Ditemani dengan es jeruk dan kerupuk putih. Super yummy deh. Harga sangat terjangkau. Lokasi masuk gang kecil tapi mudah ditemukan karena banyak orang yang tahu di lokasinya. ,positive
717,"Tidak enak makan di restoran, tidak bisa minta kuah opor ayam dikit seperti di warteg.",negative
298,Meningkatnya presentase peminat ride sharing membuat toyota nekad menggelontorkan uang hingga $1 miliar pada grab demi menyelamatkan bisnis otomotifnya.,neutral
124,"Pemandangan kota bandung yang indah dapat disaksikan dari sierra kafe lounge. Ada dua pilihan tempat, bisa dalam ruangan maupun di luar. Tempat yang romantis cocok untuk berduaan dan cocok juga buat kumpul bersama teman-teman sambil melepas lelah, karena udaranya sejuk dan menyegarkan. Makanan yang disediakan juga lezat dan banyak pilihan. Ada masakan indonesia, asia, bahkan eropa / makanan barat.",positive
364,Rumah itu memiliki pagar besar berwarna hitam.,neutral
793,"Restoran unik, di mana tidak disediakan piring, untuk makan menggunakan alas daun pisang. Makanan cukup enak.",positive
18,Ayah saya merupakan seorang pegawai net tv,neutral
622,Indomie banyak ditemukan di warung-warung terdekat.,neutral
224,Sulit sekali mengerti orang yang merasa selalu benar,negative
393,Mimpi disuruh mencari coklat sama gordon ramsay eh malah kecampur sama kuah indomie,neutral
158,"Iya sih mi sedap isinya lebih banyak, tapi soal rasa kalah jauh sama yang lain",negative
741,"Wah enak banget, sate yang nikmat bumbu yang pas, rasa yang pas dan daging yang segar, hingga menghasilkan sate yang benar benar mantap. Pelayanan yang ramah. ",positive
318,Waktu datang ke sini sedang bukan musim stroberi jadi pada kecil-kecil dan tidak bagus. Jadi cuma ambil seadanya saja. __sad__.,negative
51,"Peresmian pengoperasian kereta api bandara oleh presiden ri dengan simbolis, penekanan tombol sirine yang menyuarakan genta, didampingi oleh menteri perhubungan, menteri bumn, gubernur banten, dirjen perkeretaapian kemhub, dirut ap2, dirut pt kan, dan dirut railink",neutral
817,Masakan restoran ini rata-rata tidak enak.,negative
52,"Cocok untuk makan malam romantis dengan pasangan ketika merayakan momen berdua, makanannya enak dan berkelas.",positive
935,"Batagornya enak, mi nya enak. Ada aneka makanan yang bisa dicicip di satu tempat, apalagi sekarang tokonya sudah direnovasi jadi bagus. Ada musala. Area oleh-oleh banyak pilihan. ",positive
607,"Baru pakai berapa hari langsung hang, power bank tidak bisa di pake apa-apa. Harus bawa ke tempat servis.",negative
572,"Restoran yang memiliki pemandangan yang bagus, jika ke sini pada malam hari carilah tempat duduk di luar ruangan, maka kalian akan melihat disetiap meja lampu lampu yang menyala, makanan yang kami pesan adalah sup krim dan coklat hangat sangatlah enak dan lezat pas dengan cuacanya yang dingin",positive
193,Tempatnya sangat romantis dan nyaman. Dengan suasana yang sangat nyaman dan pelayanan yang baik. Makanan sangat enak dengan harga yang reasonable. Sangat ingin kembali ke sini menikmati suasana sorenya. Secara keseluruhan baik sangat bagus!,positive
41,"Makanan court dengan banyak penyewa, banyak pilihan. Cocok untuk anak muda yang ingin nongkrong berkelompok sambil makan - minum sesuai selera masing-masing. Parkir sangat luas.",positive
977,"Terima kasih bang atas apresiasinya. Semoga beliau segera menemui wakil kami, korban phk sepihak freeport. ",positive
290,"Hampir lebih 5 kali saya ke sini. Dim sumnya yahud dan harganya terjangkau banget. Tempatnya asyik dan sangat nyaman. Pelayannya ramah walaupun kita cuma berdua dan makan tidak banyak jenisnya. Pokoknya rekomendasi banget, bila mencari dim sum atau shabu di balikpapan.",positive
123,"Tempatnya menyenangkan, santai, dan sangat mudah ditemui, karena bersebelahan dengan swalayan lotte mart",positive
404,KIPP menerima banyak laporan terkait adanya pelanggaran pada pilkada 2018.,negative
483,"Sudah beberapa kali ke sini, makanan lumayan enak, saung-saungnya juga membuat suasana makan dan bersantai jadi nikmat, ditambah dengan suara sungai kecil menambah suasana jadi bertambah alami. Dianjurkan datang ke sini malam hari karena lebih indah.",positive
557,Makanan di sini sangat enak. Cocok untuk pertemuan kantor atau bersama keluarga besar harga terjangkau,positive
516,DHL sedang membuka lowongan pekerjaan untuk customer service,neutral
571,Saya coba yang di dekat kantor walikota. Saya pesan bakso malang super komplet. Rasanya enak. Kenyang. Harga juga masuk akal.,positive
825,"Tempat makan di luar yang luas menyajikan segala makanan dari tradisional hingga yang termodern, dari harga yang murah meriah hingga yang mahal. Penataan dekorasi yang apik akan membuat betah. ",positive
838,Yang wajib banget dicoba di resto ini ada jus stroberi tanpa susu atau gula. Asli enak banget. Kayaknya 1 gelas saja kurang deh.,positive
421,"Resto makanan barat dengan harga kaki lima, ditambah pemandangan alam yang indah, suasana yang romantis, asal jangan hujan, karena di teras dibiarkan terbuka. Resto favorit keluarga saya.",positive
746,"Ayam gorengnya enak di sini. Cocok buat yang habis perjalanan jauh. Saya ke sini pulang dari luar kota, jadi makannya pas lapar gitu deh. Bikin perut kenyang, makanannya enak terus pelayanannya mantap. Kasirnya cantik cantik",positive
168,"Paket saya juga sampai sekarang tidak sampai sampai sudah 5 hari statusnya dengan pengiriman courier jakarta, parah sekarang jne",negative
559,"Jual ayam bakar taliwang tapi ayam yang disajikan seperti karet dan tidak memuaskan, dan rasanya hambar, sambalnya juga alakadarnya. Dari keseluruhan sangat mengecewakan dan saya tidak akan ke dua kalinya ke sana lagi",negative
137,Jalan. Sukajadi kalau malam suka ada warga yang buang sampah di pinggir jalan! orang-orang kayak gitu harus dimusnahkan,negative
748,Paling favorit di resto ini adalah bubur 3 rasa. 1 mangkok besar bisa untuk berdua sama suami. Lalu banyak menunya untuk tambahan makan sama bubur. Harga dan rasa sesuai. Dan yang pasti teman makan bubur adalah teh hangat hmmm. Enak!,positive
494,Indosat adalah penyebab gue marah tiap hari,negative
938,Restoran ini merupakan tempat yang cocok untuk makan malam bersama pasangan dan keluarga dengan makanan yang cukup enak dan pemandangan yang bagus. Suasananya juga baik dengan hiasan klasik dari pojok sampai pintu masuknya. ,positive
214,"Konsep restoran biasa saja, tapi harga minumannya kok mahal banget. Dimurahinlah dikit meskipun di daerah wisata hehe. Jadi mikir berkali-kali buat beli.",negative
698,Susunya segar dengan sayuran yang mantap dan rasa kuah yang enak dan pelayanan yang sangat super ramah.,positive
339,"Menyesal nih gue kasih tahu loe, Farrel",negative
687,"Kesel lah, mana parkir tidak benar, bikin jalanan sempit doang lagi, giliran mobilnya baret misuh-misuh menuduh sembarang orang",negative
992,"Resto ini saya rekomendasikan untuk anda singgahi jika anda ingin bersantap sambil menikmati sunset. Karena letaknya yang berada di dataran tinggi, anda dapat menikmati keindahan alam pegunungan dan suasana kota. Untuk makananannya sendiri ada beberapa cita rasa, dari masakan daerah, indonesia hingga internasional.",positive
656,"Sangat melelahkan, balik pergi ke kampus sore sekali ditambah kerja kelompok yang tidak ada abisnya, deadline tugas juga mepet sekali",negative
933,Bali punya banyak pulau yang bisa dikunjungi.,neutral
228,"Saya makan pagi di restoran lantai 18 ini dan kebetulan saya mendapatkan tempat duduk di luar atau balkon. Bantalan tempat duduknya terlihat banyak noda kotoran. Angin sangat kencang bertiup sehingga makan pagi tidak nyaman. Saya sarankan apabila anda makan di restoran ini, pilih tempat duduk di dalam untuk kenyamanan.",negative
210,Perluasan kilang minyak pt pertamina serap 20 ribu lebih tenaga kerja,neutral
253,"Restoran di padma hotel termasuk salah satu tempat yang nyaman dan indah dengan pemandangan bukit, lembah dan pepohonan yang hijau. Sehingga bisa menikmati makanan dengan suasana yang berbeda. Makanan di sini cukup bervariasi dan banyak pilihan tidak beda jauh dengan restoran-restoran lain di bandung, tapi di sini ada menu pilihan tradisional yang membuat anda bisa merasakan khas makanan yang berbeda sambil menikmati alam.",positive
398,Sekarang bukan zaman janji. Km rakyat sudah bosan alias muak,negative
279,Aku dan suami biasanya menginap di jimbaran saat berkunjung ke bali,neutral
539,"Bingung deh, selalu saja tidak bisa ikutan nongkrong karena memang ramai sekali. Yasudahlah ya sepertinya memang lebih enak aku drive thru saja berhubung di pusat kota posisinya sumpah ini mcd paling ramai. ",negative
64,"Penakut tapi soksikan tidak takut, diajak nonton film horror oke ayok, selesai menonton tidak berani ke kamar mandi",negative
391,"Kualitas lounge amat mengecewakan. Jauh dari eskalator, melalui lorong-lorong kotor. Desain sempit memanjang.",negative
976,"Meski tidak pernah mendapatkan gubug tepi sawah, namun pesona dan kenyamanan makan di gubug lain tak menjadi nilai minus bagi tempat makan ini. Banyak gubug yang nyaman untuk dijadikan tempat bersantap, kualitas makanannya pun super dan enak. Coba ikan bakar daun, wangi, pedas dan sedap sekali.",positive
358,Kalau urusan makanan yang enak-enak sepertinya inilah rajanya. Bukan hanya makanan yang mantap tapi suasananya pun semakin hangat apalagi bersama keluarga atau teman. Lagu-lagunya juga menghibur banget.,positive
403,"Sudah beberapa kali makan di tempat ini. Menu merupakan menu khas sunda, terutama tersedia menu yang sudah jarang ditemukan di rumah makan lainnya di bandung. Rasa makanan, sungguh lezat",positive
201,Rakyat sudah jenuh mendengar ocehan politikus jika baik kenapa tidak katakan baik. Kenapa semua yang dilakukan pemerintah. Semuanya tidak ada baiknya.,negative
397,"Menunggu mal istana plaza buka di pagi hari, sebaiknya mampir di mangkok ayam di pelataran lantai 1 istana plaza, berbagai macam menu pilihan indonesia food, chinese food tersedia. Sebaiknya dicoba mi ayam rica sungguh sangat puas sembari minum kopi di pagi hari.",positive
417,"Makan di sini cukup nikmat karena menunya beragam, dari mulai menu indonesia, asia, hingga tiongkok. Sehingga bisa mencoba rasa yang beragam. Rasanya juga tidak kalah enak. Tempatnya cukup nyaman, pelayanannya pun cepat",positive
231,Makan di atas gunung degan pemandangan lampu kota kalau malam sangat indah. Makanannya juga enak harga standar seperti kafe yang lain.,positive
889,"Sebenarnya agak lucu juga sih ke bandung, tapi kok makan pizza hut. Hanya karena lagi ingin pizza. Rasanya tidak berbeda dengan yang di Jakarta.",neutral
299,"Dulu suka banget makan di sini waktu sama di jakarta, baru tahu kalau di bandung juga ada. Tempatnya enak banget. Banyak pilihan suasana yang bisa dipilih, mau di luar, indoor, merokok atau ngge tidak, ada tempat buat segala jenis pengunjung. Makanannya juga enak sih. Ya pasta-pasta ala orang indonesia.",positive
685,Untuk apa kau sekolah tinggi-tinggi tapi ngomong macam anjing menggonggong.,negative
632,"Bagus dan nyaman tempat, tempatnya rekomendasi banget buat makan malam. Datang sama pasangan dilayani sama mbak dela, dijelaskan detail dan ramah banget. Menunya variatif dan enak, pas datang saya sama pasangan nyobain menu lokal dan asingnya, keduanya sama-sama enak. Buat saran saja, jangan datang ke tempat ini, bisa-bisa malah bolak balik datang, hehehehe. Pemandangannya luar biasa.",positive
887,"Buat yang suka manis, coba nasi ayam jamurnya. Kalau tidak suka, coba pilih nasi ikan asin. Yang terkenal satenya, disajikan di atas piring panas. Pilihan lain yang banyak dipesan adalah tahu goreng.",neutral
955,Saya suka sekali makan di sini. Harganya tidak terlalu mahal dan rasanya enak. Yang paling saya suka jamur panggangnya. Banyak kejunya dan lembut. Tiap kali ke sini pasti order ini.,positive
669,"Di restoran itu tersedia banyak pilihan makanan, mulai dari yang murah hingga yang mahal",neutral
355,Tempat yang nyaman dan alami untuk membawa keluarga relaks suasana pedesaan alami. Mengenalkan anak pda alam,positive
484,"Sudah seminggu ini pdam di daerah kami tidak mengalir, apa stok air pdam habis. Tanggung jawab dong",negative
842,Kerja dari pagi sampai pagi lagi itu cuma bakal menyiksa diri sendiri. Jadi tidak usah berlebihan kalau soal kerjaan.,neutral
523,"Rasa makanan tidak semewah harganya. Overpriced untuk pengunjung keluarga, grup teman atau bisnis.",negative
551,"Kalau mampir ke sukabumi, jangan lupa nyicip bubur ayam hamid. Asli, enak banget, beda dengan bubur ayam di tempat lain. Suiran ayamnya lumayan banyak, bumbunya juga terasa banget, apalagi jika kita makannya ditambah sate ampela atau usus. Dijamin bakal ketagihan!",positive
683,Tolonglah pihak telkomsel di revisi harga-harga paket internetnya harganya selangit.,negative
740,Yang terhormat tolong dong respon pesan saya. Terima kasih,neutral
170,Bukan hanya namanya saja swike waled. Rasanya sama enaknya dengan yang di desa waled cirebon kuahnya tauconya asinnya pas. Swieke gorengnya juga enak. Cuma harganya agak mahal dibanding swike di cirebon.,positive
297,Dapatkan hardisk dengan harga promo untuk setiap pemesanan jasa isi hardisk penuh 1 tb,neutral
277,"Restoran unik dengan menu nasi goreng yang unik pula. Nasi goreng disajikan dengan level kepedasan yang berbeda-beda. Anda penggemar pedas harus mencoba nasi goreng di sini. Selain itu, nasi goreng disajikan dengan berbagai resep seperti dengan ebi, kemangi, kecap manis, bumbu rahasia sampai dengan campuran kencur. Per porsi disajikan dengan takaran yang pas. Harga per porsinya mulai rp 13. 000 - rp 21. 000. Pelayanan sangat menyenangkan.",positive
60,Pakek telkomsel pengin marah terus hanya berbagi capture kurang dari 100 kb muteer terus berujung gagal. Tetapi kalau dipompakan bilangnya jaringan tidak bermasalah.,negative
257,"Ditunggu saja, pasti dikasih. Biasa maksimal seminggu kok",neutral
319,"Enak, tempatnya bersih nyaman, dan makanan yang disajikan pun bervariasi. Selain itu tempatnya yang berada di kota menjadikan tempat istirahat orang-orang yang berbelanja dan pekerja kantoran. Harganya memang mahal tapi setara dengan rasanya",positive
72,"Cari di bukalapak saja. Kalau kepepet, sementara bisa gunakan punya redmi 4a.",neutral
449,"Makannya lumayan, tapi ada pelayan yang agak jorok saja jadi kurang nyaman. Untuk makanan agak cepat ya agar tidak kelaparan konsumen. Masih banyak yang harus ditingkatkan.",negative
448,"Padahal baru jam 4 sore di hari kamis. Saya dan teman saya mau coffe break. Saya lupa kami pesan minuman apa waktu itu, hanya yang saya ingat adalah pada saat pilih menu a, dibilang dengan pelayannya sudah habis. Lalu kami pilih menu b,. Eh sudah habis juga. Akhirnya terpaksa memilih menu lain. Cukup menyebalkan.",negative
789,"Kalau di sini dagingnya lebih enak, bumbunya sih lebih berasa yang di sana, harganya juga tidak beda jauh.",positive
300,"Tempat yang indah dan romantis dengan pemandangan kota bandung dengan kerlip lampunya yang mirip dengan ribuan cahaya lilin di malam hari serta hawa dingin pegunungan,. Apalagi hidangan yang lezat hangat dan penampilan yang sangat menggoda. Wah sangat sayang jika dilewatkan.",positive
908,Penasaran ke sini karena tiap melewati tol selalu melihat iklannya di jalan. Pas ke sana ternyata tempatnya cenderung biasa saja. Ke sana pas malam-malam plus hujan juga jadi agak becek.,negative
712,"Resto ini cukup luas, suasana sangat menyenangkan, pengunjung dapat melihat pemandangan kota bandung. Menu makanan barat dan indonesian makanan. Harga sesuai kualitas dan pelayanan.",positive
77,Bogor akan dipimpin kembali oleh bima arya.,neutral
283,"Bulan januari saya sudah ke galeri indosat untuk registrasi kartu, kata mbaknya yang tas, sudah teregistrasi kok, tapi kemarin tidak bisa telepon dan sms karena diblokir belum registrasi. Maunya apa coba? Terima kasih atas layanannya yang excellent sekali.",negative
118,"Saya mencoba suis butcher di selai di suis butcehr di stiabudhi, saya juga mencoba suis butcher di jalan. Riau. Saya lebih menyukai suasanan di suis butcher di setiabudi yang tidak terlalu ramai, dan enak tempatnya buat ngobrol. Makanannya saya suka tenderloin, salad, frencfries, dan tiramisunya. Harga dan rasa sebanding kok, so setimpal sekali pelayanannya juga lumayan cepat.",positive
478,"Wifi di sini selalu eror, makanan dan minuman agak mahal, lumpiah goreng asin sekali, teh susu hanya sedikit enak, lama sekali untuk pesanan",negative
594,"Mau ke hotel yang di mongkok hongkong, tidak ada! Bulan juni lalu, saya booked dan sudah bayar untuk 2 kamar. Tapi hotel tidak ditemukan.",negative
540,Daripada ribut-ribut soal barang flash sale mending main poker online.,neutral
925,"Roti Unyil, toko kue yang menyediakan berbagai macam roti / kue dengan ukuran kecil, sangat dikenal di Bogor dan Bandung.",neutral
506,"Ingin bantu kasih hubungan infonya, tapi kuota internet saya terbatas.",neutral
663,"Saya sependapat, acara tersebut harus dihilangkan, banyak acara yang tidak berguna. Orang-orang dalam acaranya pun bertingkah seperti orang tidak sekolah saja.",negative
505,"Resto nostalgia yang wajib dikunjungi, tempat yang nyaman buat keluarga, parkir yang luas. Hidangannya hampir semua enak, terutama steak, saslick dan es krim.",positive
187,"Ajak keluarga, kawan satu kantor, kawan jalan, pacar, kawan pacar, atau bahkan mantan pacar, buat suara award ini.",neutral
184,"Tempatnya menarik, dengan konsep yang sangat pabrik. Sayangnya hampir seluruh menunya non halal.",neutral
534,Untuk orang jogja sih malas kembali ke sana 2 kali. Cukup sekali. Masuk harus bayar. Makanan mahal.,negative
327,Banyak keluarga saya yang bekerja sebagai pegawai negeri,neutral
14,"Kami makan malam di restoran itu dan pelayanannya cukup memuaskan. Tempatnya luas, ada yang berada di dalam ruangan, ada yang diteras. Makanan langsung dipilih dari meja saji di dalam restoran. Ada pilihan menu segar yang baru digoreng pada saat dipesan dan sebagian besar menu tradisional. Waktu tunggu tidak lama. Penyajian unik karena tidak menggunakan piring melainkan memakai daun.",positive
961,Kiriman agak terlambat 1 hari pakai kurir itu. Lebih responsif dong,negative
916,"Ketika ingin menyantap variasi makanan, pilihannya selalu Hanamasa. Lokasi tempatnya cukup enak. Pilihan makanannya banyak, dari mulai makanan ringan, bakar-bakaran, rebusan hingga makanan penutup. Sangat tidak mengecewakan.",positive
574,"Dapatkan voucher pulsa rp 25.000, - untuk dua orang yang beruntung setiap harinya hanya dengan retweet bniquotes",neutral
888,"Makan di resto mewah, harga tentu saja mahal, tapi rasanya payah, sungguh menjengkelkan.",negative
157,Gunanya shazam: Biar tahu lagu-lagu ajaib yang diputer sopir gocar,neutral
382,"Enaknya makan di redsdifo, baru kali ini dah saya suka banget makan ikan. Ikannya segar, enak, dan tidak ada bau amis lagi. Pokoknya ikan bawal enak. Dan kopi robusta susu mantap. Pokok. A ketagihan dah. Redsdipo jadi tempat favorit saya. Enak pokoknya mah.",positive
769,Ini kenapa sih astaga telkomsel maupun indihome dua-duanya sering bermasalah! Mahal doang woy!,negative
521,Saya pergi ke sini hanya untuk mencari sedikit hiburan di kala berlibur bersama keluarga. Saya hanya minum dan makan makanan kecil. Minuman di sini harganya murah banget dibandingkan dengan jakarta. ,positive
202,Tagihan indihome saya bulan oktober ini beda dengan bulan september. Jatuhnya lebih mahal. Kenapa bisa begitu? Janjinya waktu awal pasang tidak ada biaya lain dan biaya flat. Ini kok naik turun bagaimana? Konsisten dong,negative
149,"Ini menyesal sekali makan indomie salted egg. Makannya tadi pagi jam 8, sampai sekarang after tastenya masih ada! Gaenak banget lagi ya allah",negative
99,"Bakso yang unik. Bakso dengan jenis jenis isian yang berbeda. Ada yang isi keju, daging cincang pedas dan urat. Saya memilih cincang daging pedas ehmmmm rasanya sesuai dengan namanya. Harganya murah, tempat bersih.",positive
929,Bikin macet jalan saja nih orang,negative
269,Bni tingkatkan branding melalui stasiun bni city,neutral
778,"Sensasi makan dengan alas daun pisang, dengan enaknya cumi bakar dan tempe tepung yang gurih, serta sambal yang menggugah selera. Memang mantap",positive
762,"Mie mewek terletak di jalan pajajaran. Dekat dengan area BEC, pusat penjualan gadget. Di sini kita bisa menikmati kuliner khas berupa makanan dengan cita rasa pedas. Mie nangis akan membuat kita sebagai penikmatnya benar-benar menangis, karena kepedesan sekaligus ketagihan untuk datang dan makan lagi. Mienya tebal dan kenyal. Enak.",positive
272,Dia memakan susu indomilk di dalam kulkas,neutral
354,Kesal banget dari tadi jualan yakult tidak untung terus,negative
105,Ramayana kembali membuka cabangnya di samarinda,neutral
109,Tempat ini terkenal banget di kalangan mahasiswa. Karena selain enak harganya juga termasuk murah kalau menurut saya. Top deh.,positive
833,"Beragam macam karya seni yang ditampilkan di lantai dasar dan kedua sungguh menarik perhatian. Selain itu di halaman luar juga banyak karya seni yang bisa diamati. Pemandangan yang menyerukan mata, serta cuaca yang adem membuat tempat ini sangat disukai banyak orang.",positive
951,"Gue enggak suka sama pelatih yang sekarang, strategi yang dibikinnya tidak bisa dipakai buat mengalahkan lawan.",negative
229,Ini adalah tempat makan untuk orang yang menunggu keluarganya yang sedang asyik berbelanja. Tetapi tidak untuk orang orang yang senang makanan yang enak. Di jakarta banyak sekali tempat makan yang jauh lebih enak dan harganya jauh lebih murah.,negative
492,"Bila kamu selesai transaksi mengirim, pastikan cek kembali alamat di resi sebelum meninggalkan counter jne pondok timur ya",neutral
212,"Tendang sana tendang sini hajar sana hajar sini, ternyata masing-masing punya agenda tersembunyi! Menyebalkan!",negative
388,Kesal bukan karena mu. Tetapi persis dikalahkan pssm. Tidak enak hati tidak enak tidur tidak enak makan. Semua gara-gara pssm!,negative
954,"Isi pulsa via atm bca tadi jam 17.48 sampai sekarang belum masuk, boleh tolong dicek? Terima kasih",neutral
37,"Senin pagi gue diisi dengan kegiatan wawancara, sebelum jalan ke lokasi gue harus memesan gojek dan suasana masih hujan.",neutral
561,"Tempat yang paling cocok untuk mencari makanan kalau budget terbatas tetapi memuaskan, di sini banyak sekali pilihannya dari mulai masakan khas dari daerah di indonesia sampai masakan modern.",positive
980,"Saya lihat banyak pengguna indosat terkena pemotongan pulsa, kasihan.",negative
807,"Tempat yang sangat alami, dengan menu yang variatif, dengan rasa yang pas. Saya suka dengan bandrek jagungnya,  jagung yang manis disajikan sangat hangat. Ada aneka jajanan tradisional yang sudah jarang ditemui.",positive
982,Bapak ini ngomongnya tidak masuk akal! Orang diculik kok malah memikirkan penculiknya. Teori dari mana itu?,negative
66,"Tempatnya besar. Open 24 hari. Cocok buat ngemil. Tempat duduk sofanya nyaman. Sayang banyak mahasiswa yang mengerjakan tugas di sana, jadi jarang kosong tempatnya kalau malam. Hehehe",positive
479,Tidak untung saya ikut rombongan untuk pergi ke bali sangat membosankan,negative
172,"Walaupun cukup berliku untuk sampai ke tempat ini tapi terbayarkan dengan suasana sepi, tenang dan juga suasana udara dataran tingginya, yang kebetulan saya biasanya kalau makan di luar pasti pas hari kerja karena biar tidak terlalu ramai tapi ya minusnya tidak ada lift musik. Untuk makanannya cukup enak dan keluarga saya pun cukup menikmatinya.",positive
519,Sangat cocok untuk bersantap bersama keluarga menikmati hidangan yang lezat sambil mengobrol melepas penat setelah seharian beraktivitas pokoknya terbaik deh,positive
715,"Datang ke restoran ini tidak ada bosannya, apalagi di malam minggu kami sekeluarga sangat menyukai tempat ini karena ada live musiknya. Suasananya tidak berubah dari tahun ke tahun. Menu yang disajikan pun masih tetap sama, dari mulai menu eropa sampai menu khas indonesia tetap memikat. Porsinya juga tak kalah banyak.",positive
641,Kalau melihat muka orang ini bawaan emosi tingkat dewa,negative
348,Masakan india menurut ku tidak enak. Terlalu banyak rempah,negative
22,"Kami sekeluarga ke tempat ini karena hari sudah larut malam dan tidak ada resto lain yang buka. Ternyata jam 10 malam pun tempat ini masih macet, parkir penuh dan tempat duduk di dalam resto penuh. Petugas yang tampak kelelahan melayani dengan masam. Ampun. Akhirnya makanan kami bawa ke hotel.",negative
620,Oh iya saya mau fitur cetak resi otomatis diperbaiki.,neutral
126,Awal tahun ini bakti budaya djarum foundation bekerjasama dengan dan garin workshop,neutral
83,"Dengan membeli morinaga chil kid dan chil school senilai rp 500. 000, bunda akan mendapatkan voucher gopay rp 50. 000.",neutral
966,Saat ini para wisatawan pecinta diving sangat kecewa dengan kondisi teluk ambon yang nampak indah namun sangat kotor,negative
493,"Rekomendasi untuk makan siang ala indonesia, pilihan makanannya banyak sekali tinggal tunjuk saja. Terbanyak yang bentuk gorengan, misalnya empal, ayam goreng, tahu goreng dll. peralatan makan yang dipakai yang ala model zaman dulu, seperti piring seng, gelas seng, mengingatkan makan di zaman dahulu. Pelayanan cepat. Mantap",positive
466,"Tempatnya nyaman, sangat windy tapi sejuk juga. Konsep tempatnya bagus, vip roomnya keren sekali. Instagramable banget deh tempatnya. Cocok untuk nongkrong-nongkrong bareng teman, keluarga, pacar. Makanannya juga not bad, dan harganya juga terjangkau. Mbak kasirnya waktu itu ramah sekali.",positive
672,Ini tua bangka sudah bau tanah kok tidak sadar-sadar ya. manusia terburuk yang paling busuk.,negative
581,"Tak ada sunlight dan mama lemon, garnier men turbo oil control pun jadi buat cuci tangan setelah masak alias licin cuy setelah kena minyak.",neutral
379,"Batagor kingsley sangat lezat dan disukai oleh keluarga dan warga jakarta. Setiap kali pergi ke bandung, keluarga dan teman-teman selalu minta dibelikan batagor kingsley.",positive
858,"Kopi yang paling enak di sini adalah kopi alpukat dan kopi pisang. Kopi bercampur alpukat tidak membuat rasa kopi ini memudar, sangat cocok di lidah saya sebagai pecinta kopi campuran. Jenis makanan yang disajikan pun lumayan enak, favorit saya adalah kentang gorengnya untuk harga terjangkau.",positive
311,Dia ketahuan bikin indomie goreng jumbo padahal kan kalau 1 itu tidak kenyang.,neutral
261,"Saat mengunjungi rumah makan ini karena diajak rekan bisnis saya. Saat saya menikmati mie ini terasa memiliki citarasa yang nikmat sekali. Sayang saat itu, mi saya terlalu asin. Sehingga mi yang seharusnya sangat nikmat tidak bisa saya rasakan. Untuk suasana tempat tergolong biasa-biasa saja. Untuk harga tergolong sangat mahal. 2 mangkok mie harganya rp. 95.000.",negative
582,Driver ini tidak mau pickup barang dari tadi siang. Mohon ditindaklanjuti.,negative
414,Pagi yang melelahkan rasanya ingin diam saja,negative
155,Bidang lo bukan di dunia politik oon!,negative
351,"Penasaran ingin dicoba ayam yang cukup terkenal itu. Siang itu sepi, pesan ayam bakar. Ternyata ayam bakarnya pedas. Anak-anak tidak bisa makan. Harusnya pelayan menanyakan mau pedas atau tidak karena ada 2 pilihan. Kemudian saya minta 2 ayam bakar yang tidak pedas. Ampun! Ayamnya cuma seperti digoreng terus dilumuri kecap. Kami sudah hilang napsu makan.",negative
857,"Awalnya ragu dengan kecepatan pelayanan di sini tapi lumayan lah, tepat waktu kok. aku lupa pesan jus apa sepertinya jus campuran begitu, oke sih. Dan makanannya juga ok. Ohya ini mereka kasi gratis es krim. Bisa dicoba tanya dengan pelayannya. Suka.",positive
248,"Saya ke bandung baru kemarin baru kesampaian makan di sini. Kami makan di the valley suki. Kenyang, enak, pelayan ramah, dan pemandangannya keren kalau kita duduk dekat jendela. Ya dengan harga rp. 190.000, - / orang sudah termasuk pajak kita bisa makan sepuasnya, sistemnya seperti hanamasa tapi lebih asyik tempatnya.",positive
280,"Bingung mau makan ke mana yang tempatnya asik, makanan enak dan harga terjangkau? Ke sini saja. Saya dan pasangan sangat menikmati. Pengunjung kebanyakan anak muda jadi ikutan merasa muda lagi.",positive
11,"Dari segi letak / lokasi cukup mudah dicari. Bangunan dan isi bagian di dalamnya menarik, apalagi ada taman kecil di dalamnya yang diisi juga dengan gentong yang airnya dibiatkan mengalir terus. Membuat suasananya jadi tambah romantis dan menyenangkan. Menu yang disajikan lumayan variatif dan dari segi rasa lumayan enak.",positive
739,"Menu sushi kurang banyak, kalau bisa ada menu sushi dengan porsi kecil 2 potong. Harusnya ada pelengkap, wasabi, cabe bubuk. Jadi sebenarnya kurang istimewa.",negative
881,Baru pertama kali saya makan di warung ini. Bukan konsep kafe atau resto tapi tampil dengan warung makan yang menyajikan makanan tradisional.,neutral
54,"Saya datang ke maxi s resto bersama keluarga, ternyata di sana ada pesta pernikahan pesta ulang tahun sehingga tempat jadi penuh sekali. Pelayanannya jadi tidak baik. Seharusnya kalau tempat memang penuh, pihak resto memberitahukan kepada tamu sebelum tamu memarkirkan kendaraan saat itu hujan deras, jadi jarak tempat parkir ke resto lumayan jauh. Kalau perlu ditutup sementara selama pesta berlangsung.",positive
660,Telkom hackathon merupakan sebuah program besutan telkom indonesia yang bertujuan untuk mewadahi para generasi muda yang memiliki keahlian di bidang teknologi informasi maupun pemrograman untuk mengembangkan perusahaan rintisan yang mereka miliki.,neutral
704,Minumannya saya tidak ada yang suka. Ayam gorengnya biasa saja. Ada saus keju tapi saya tidak suka saus keju di sini. Tidak enak.,negative
805,"Resto keluarga yang sangat direkomendasikan, pemandangan sekeliling resto yang sangat bagus, pondok-pondok yang nyaman, makanan yang disajikan juga lumayan enak, apalagi jika malam hari ini pemandangan resto sangat bagus",positive
444,Saya mampir ke restoran ini untuk makan malam karena kebetulan lewat dalam perjalanan menuju hotel saya menginap dan karena sudah kelaperan dan saya dan teman akhirnya memilih untuk mampir di restoran ini. Rasa makanannya biasa saja bahkan kami diharuskan membayar terlebih dahulu meskipun kami belum selesai makan hanya karena jam sudah mendekati waktu tutup.,negative
699,"Kesan pertama menginap di sini, check in tidak bisa jam 2 siang karena yang menginap sebelumnya terlambat check out, tidak ada apa pun yang ditawarkan pihak staf saat kami harus selama satu jam menunggu kamar dibersihkan. Kemudian kami juga diberitahukan bahwa restoran tutup jam 5 sore sehingga jika ingin memesan makanan untuk makan malam harus sebelum jam 5 sore. Cukup menyebalkan.",negative
227,"Menikmati kota bandung tanpa kuliner, kurang seru, kafe halaman, menyajikan makanan indonesia, gado gadonya enak, pisang goreng kejunya juga enak serta secangkir kopi sambil menunggu teman datang sangatlah menarik",positive
612,"Setuju makin naik fase wajar kalau tiket naik. Tapi, harga dasar di saat fase penyisihan sudah kemahalan. Coba bandingkan harga menonton di malaysia, thailand.",negative
6,"Saya dan isteri tergoda untuk mengunjungi restoran ini saat kami sekeluarga berkunjung ke pontianak minggu lalu, karena berdasarkan penilaian trip advisor abang kepiting merupakan restoran terpopuler di pontianak. Malam sekitar jam 7 saya dan isteri sudah sampai dan mendapati suasana restoran yang tidak terlalu ramai terisi sekitar 4 meja saja, karena kami hanya berdua ingin berbincang.",neutral
562,"Saya tiba di rumah makan ini pada saat menjelang jam makan siang. Awal saya tiba rumah makan ini hanya ada beberapa pengunjung yang sedang bersantap. Namun, ketika tiba jam makan siang rumah makan ini penuh dengan para warga kota makassar. Banyaknya warga kota makassar yang tiba untuk makan siang menggambarkan bahwa tempat ini merupakan rumah makan favorit di kota makassar.",positive
378,Tiket waterboom PIK jakarta dikabarkan naik,neutral
381,Lokasi agak jauh dari kota bandung dan sekarang ada 2 gerbang pembayaran untuk bisa ke the peak dengan total 5000 rupiah. Ini seperti pemaksaan untuk pungutan liar karena anda tidak akan bisa ke the peak tanpa melewati kedua gerbang ini.,negative
211,"Data lengkap, jangan percaya kpk ini bohong. Kasus ini di audit 10 tahun lalu dan sudah lengkap. Karena habis itu ada audit aliran dana dengan tujuan khusus. Kalau mau kan minta audit lagi. Sudahlah. Kasus century itu skandal melindungi elit tertentu.",negative
418,"Sangat dianjurkan, masakan enak banget benar-benar! Kita duduk di tempat saung yang di bagian atas pas jam-jam matahari terbenam, makan malam ditemani sunset deh! Dan itu baguus banget.",positive
438,"Rcti terlalu banyak iklan tidak jelas, sangat menggangu",negative
78,"Baik, selain wisata wahana saya juga suka wisata kuliner. Sejak saya di bandung kuliner yang paling saya buru adalah siomay dan batagor. Mungkin kalau batagor saya sudah akrab dengan batagor kingsley yang rasanya melegenda. Untuk urusan siomay, rasanya tidak salah kalau traveler memanjakan perutnya di saung siomay ini. Seperti judulnya. Teksturnya lembut, bumbunya juga pas kena banget.",positive
830,"Penyajian cukup cepat, pelayanan baik dan pastinya masakan enak. Untuk harga relatif sesuai dengan rasa masakannya.",positive
854,"Mau marah sama indosat, sudah dua hari sinyal begini banget",negative
150,"Sudah indosat bangkrut saja, di tmpt ku saja sinyal tb2 kdg hilang muncul hilang muncul, padahal daerah kota semarang",negative
437,Transaksi beli pulsa PLN pra bayar melalui mandiri mobile menjadi tidak efisien karena harus telepon 14000 untuk dapat tidak tokennya / tidak otomatis.,negative
334,"Tidak mesti di ruang tertutup buat pertemuan, pertemuan di resto ini juga asik. Jangan lupa memesan nasi goreng dendeng sama teh tarik.",positive
867,Samsung galaxy s sudah diluncurkan semalam. Saya kecewa desainnya standar banget. Harapan saya cuma terwujud 70%. Percuma terbawa sampai mimpi.,negative
665,Sayang restorannya kotor. Lihat kecoa kecil di dekat piring-piring sayur bersih yang dipakai untuk menyajikan makanan. Dan ada kecoa kecil juga di tempat duduknya. Berharap kebersihan tempat diperbaiki.,negative
689,Iya harganya 120 ribu. Saya juga sudah cek tokopedia.,neutral
213,"Senang rasanya dapat mengakhiri perjalanan kita di bandung dengan kunjungan terakhir kita berhenti di the valley pada tanggal 2 november. Hari itu adalah acara dalam menrayakan hari perpisahan bersama teman kita yang baru akan pindah ke kantor baru. Menunya sangat bervariatif tetapi ribs langsung menjadi pilihan saya. Menurut saya, harganya sebanding dengan rasa makanan. Top.",positive
139,"Kapal km fungka permata v terbakar, sedikitnya 13 tewas",neutral
84,"Somasi yang dilayangkan rohayani, seorang pecandu rokok, kepada pt gudang garam, tbk dan pt djarum belakangan memunculkan isu lain.",neutral
702,Pakai kartu kredit bca tidak untung malah rugi besar,negative
424,"Restoran ini bukan sekadar tempat makan biasa, tapi juga bisa dijadikan tempat wisata. Lokasinya sangat dingin, tempatnya juga bagus, nyaman, dengan pemandangan yang eye catching. Menu yang disediakan juga beragam dengan rasa yang enak. Tidak perlu menunggu lama dalam penyajian makanannya. Harga juga relatif terjangkau. Untuk tempat berfoto juga bagus.",positive
498,"Lokasi mudah dijangkau, penataan restoran average, menu makanan lumayan variatif dan rasa masakannya enak, harga terjangkau",positive
777,"Ya serba salah memang, macet mengeluh, tidak macet heran.",neutral
948,"Rumah makan ini terletak di jalan abdurahman saleh, tempatnya nyaman dan bersih, menu masakannya banyak pilihannya. Rasanya cukup enak dan harganya juga sepadan dengan rasa masakannya.",positive
808,Kadang mikir gimana ya rasanya jadi perempuan di gym. Banyak mas mas dan om om melihat. Pasti risih dan tidak nyaman.,negative
846,"Kami datang makan ke restoran itu, mengajak keluarga kakak saya. Mereka semua sangat menyukai kualitas masakan di sini. Kami pesan udang goreng telor asin dan rasanya sangat enak dan melebihi kualitas resto di hotel bintang lima. Sangat direkomendasikan.",positive
363,Pelayanan solaria sungguh tidak memuaskan hampir di seluruh cabang yang ada di Jakarta. Tidak rekomendasi banget.,negative
544,Temanku melamar pekerjaan di tokopedia,neutral
153,Bukan cuma bisnis keluarga. Tetapi menjaga kepentingan negara dan masyarakat tanpa membenturkannya dengan kepentingan global.,neutral
752,"Terletak di daerah perbukitan sehingga udara dan pemandangannya sangat nyaman, di samping itu terdapat berbagai pilihan menu makanan nusantara, steak maupun pasta juga ada.",positive
662,"Baik, terima kasih atas jawaban yang begitu lengkap dan jelas ya",positive
255,"Ayam gorengnya enak, terong gorengnya juga. Sayang mau coba jengkol gorengnya sudah habis. Oh ya jus kefonfongnya juga segar.",positive
780,"Senin pagi memang selalu tidak bersahabat, mulai dari pakai jilbab berantakan, jalanan macet, transjakarta arah senayan ramainya astaghfirullah, absen telat lewat jam 8, ga ikut doa pagi.",negative
896,"Cemburu itu rasanya tidak enak. Cemburu itu makan hati. Cemburu itu sakit, kalau tidak diungkapkan",negative
90,"Keunggulan holycow dibanding resto steak lain adalah wagyunya yang mantap. Favorit saya adalah wagyu sirloin steak yang dinikmati dengan mushroom sauce. Rasanya mantap. Dagingnya tebal dan dinikmati dengan butiran jagung rebus, sayur bayam dan masih potatto. Enak dan mantap.",positive
999,"Hai ditha, kami informasikan bahwa pembayaran kamu telah masuk ke akun rekening kami namun pemesanan tidak berhasil.",neutral
127,"Cuma kalau besok mau mencari, dia ada di rak yang dekat cream krim wardah bersebrangan sama rak lotion citra, sister.",neutral
340,"Resto dengan konsep saung2 yang terletak di dalam komplek perumahan. Makanan yang disajikan beragam mulai dari sundanese, makanan barat, dll. udara cukup dingin di malam hari atau ketika hujan jadi disarankan membawa jaket. Jalan antar saung menggunakan batu-batu sehingga kadang-kadang licin ketika hujan",neutral
207,"Tempatnya nyaman banget, makanannya enak, kopinya enak. Pas buat nongkrong bareng teman-teman atau makan malam.",positive
258,"Kalau kuota saya besok tidak balik, saya mau marah-marah ke indosat",negative
701,"Tempatnya nyaman, makanan lumayan enak. Buat yang mau ngobrol lama-lama cocok sekali ada banyak tempat lesehan nyaman banget plus udara yang sejuk.",positive
727,Rasa makanan cukup enak. Lokasi cukup strategis dekat eskalator turun dan naik mal. Secara keseluruhan baik mantap.,positive
496,"Hai, ya, silakan kamu dapat mencoba lakukan pembayaran pdam di bukalapak.",neutral
197,"Enkaolshop, terpercaya, barangnya bagus bagus",positive
301,"Aslinya ini basa berada di jalan karapitan setahu saya, sekarang memenag sudah tersebar di beberapa tempat di bandung. Makanannya juga tidak hanya bakso, tetapi ada beberapa makanan tambahan yang lain. Untuk rasa juga tidak terlalu spesial. Untuk harga dengan ukuran harga bakso di bandung cukup mahal. Ditambah pelayannannya yang kurang bagus di ciwalk.",negative
274,"Seharusnya masih berhak mendapatkan cahsback 5 j uta dengan cara berlangganan paket iplan 500k selama 24 bulan kak. Dan bisa juga cicilan 0% menggunakan cc bca, bni, mandiri, cimb niaga.",neutral
871,Tidak menyesal juga makan di solaria tempatnya bersih dan cocok buat keluarga juga. Makanan cepat keluar setelah dipesan.,positive
507,Copot dari keanggotaan polisi saja. Daripada jadi perusak nama baik korp.,negative
845,Menyesal tadi ke toko itu. Malah beli hal-hal yang tidak akan terpakai. Cuma karena lapar mata jadi beli:,negative
905,"Makan di pinggir jalan, makanannya tidak enak, pelayanan tidak bagus, harga mahal.",negative
111,Untuk mengajukan kerjasama / sponsorship ibu elsa dpt menghubungi: Pt. Bank mandiri persero tbk corporate secretary,neutral
595,Produksi lagi dong indomi goreng sate. Dicari-cari sudah tidak ada. Rasanya enak beda dngan rasa sate merk lain,positive
19,Pagi pagi ingin marah dengan sinyal telkomsel.,negative
670,"Antriannya lama, makanannya juga lama dan rasa makanannya biasa saja dan mahal",negative
284,"Parah banget xl deh sekarang sepertinya, harus ganti provider lain cuma mahal doang kualitas jelek",negative
252,"Kereta mutiara timur malam, sby - bnywangi eksekutif tetapi kursi jorok dan kotor sekali. Tidak sesuai dengan harga yang sangat mahal, sangat mengecewakan",negative
117,"Saya memilih tempat makan di saung dengan pemandangan sawah memesan nasi timbel komplit, surabi oncom dan colenak pesanan datang tidak harus menunggu lama. Hanya saja saya kecewa dengan serabinya. Di luar ekspektasi saya. Tidak enak.",negative
684,Payah sekali pelayanan pos indonesia saat ini,negative
554,"Ini indihome saya gangguan lagi ini. Saya lagi ada kerjaan tiba-tiba terputus, merah kedip-kedip, baru seminggu baik wifinya, sudah gangguan lagi. Indihome telkom sekarang banyak gangguan ya, bayar selalu mahal, mengecewakan sekali.",negative
337,"Menurut saya bebek garang ini punya varian menu bebek yang cukup banyak. Saya suka perpaduan antara bebek dan sambalnya, rasanya pas. Untuk harga berkisar 20 - 30 ribu dan menurut saya cukup sepadan dengan rasa dari makanan di sini.",positive
837,"Cocok buat pertemuan, acara pernikahan, pemotretan. Suasananya tenang, santai, adem.",positive
967,Setiap kali ke sini saya ingin berlama-lama dan tidak mau pulang cepat. Pelayanan yang ramah dan tempat yang nyaman.,positive
577,Restoran ini menyajikan masakan bali yang sarat modifikasi sehingga terkesan disesuaikan dengan lidah konsumen yang nota bene bukan orang bali. Tiga photo yang saya lampirkan itu adalah makanan yang kami pesan.,neutral
578,"Kalau di banyak tempat steak membutuhkan waktu lama sebelum penyajiannya, di tempat ini menurut saya cenderung cepat dan sesuai dengan lidah maupun dengan dompet saya. Saya pernah menunggu teman sampai 2 jam di sini, tapi tidak berasa karena makanannya membuat saya lupa waktu. Hehe",positive
692,Kalau mau beli obat pergi saja ke kimia farma yang berada di ujung jalan itu,neutral
380,Pelajaran matematika anak sd sekarang sulit sulit,negative
755,Restoran di sini selalu penuh karena letaknya yang strategis di pintu masuk mal. Rasa bubur cukup enak. Proses penyajian dari order sampai penghidangan juga cukup cepat.,positive
788,Habisnya aku lagi galau kak maka dari itu bikin story kayak begitu,negative
616,"Untuk yang sedang ke cirebon dan cari tempat yang enak parkirnya dan makanannya butuh cepat, lebih baik ke sini karena parkiran luas dan suasana nyaman",positive
396,Mm sedih deh kalau ke sini selalu menunggu: Mienya pedas banget. Hehe bangkunya juga tambahkan dong biar tidak menunggu,negative
259,"Memang faktanya kami punya banyak tanah di sini, mau apa lo?! maka dari itu kerja biar bisa banyak duit kayak kami-kami, jangan cuma bisanya menghujat saja",negative
850,Restoran The Valley ini pemandangan ke kota nya nomor 1. Menikmati suasana malam hari dengan lampu kedap-kedip indah sekali.,positive
289,"Kalau ke semarang wajib makan mie kocok ini, menurut saya paling enak. Walaupun tempatnya dipinggiran ruko, dan untuk makannya mesti berusaha untuk dapatkan bangku, tapi layak banget kalau dibandingkan rasanya. Kikilnya banyak, kuahnya gurih banget dan mienya lebar dan tipis. Harganya juga terjangkau. Teh terbaik mie kocok di semarang.",positive
0,Maling yang sebenarnya sudah di pastikan bernama lulung,negative
647,"Memang ya sepertinya aku tidak ditakdirkan nikmatin indomie goreng, padahal cuma merebus minya lho. Bisa-bisanya terlalu lembek. ",negative
643,Nike mengeluarkan produk sepatu terbarunya,neutral
532,"Waktu saya ke restoran itu, pelayannya mendatangi saya dan bertanya untuk berapa orang.",neutral
217,Roti bakar duti ini sudah ada sejak dulu di sini. Rotinya biasa saja sih. Hanya menu pilihannya buanyak banget. Apa saja ada. Sampe kadang bingung mau pilih yang isi apa. Ada jual bubur juga. Oke jugalah.,positive
901,"Kuota jadi habis terkuras buat melihat foto-foto yang cuma bikin saya iri, makanan enak-enak yang bikin ngiler",negative
596,"Saya suka sekali makan di restoran ini, menu masakannya beragam, rasanya enak, harganya tidak terlalu mahal. ",positive
952,Kurang pas apabila berkunjung ke bandung tanpa mencicipi batagor. Batagor burangrang adalah salah satu yang rasanya enak dan sausnya pun gurih.,positive
112,"Yang makan ramai, antre, menu masakan, masakan standar seperti di rumah. Rasa biasa saja. Harga tidak sesuai kualitas rasa.",negative
912,"Saya bisa bilang ini adalah resto yang cocok untuk keluarga. Sambil istri saya belanja oleh-oleh, saya bisa menikmati makan siang di resto ini. Anak anak saya bisa bermain di tempat bermain dengan tiket yang murah. ",positive
635,"Tempatnya ramai sekali, makanan bervariasi. Desain dan lingkungan nyaman. Udara sejuk, banyak tempat bermain anak.",positive
386,"Baik kak, berkenan menunggu untuk kendala pada provider telkomsel akan direspon oleh rekan kami.",neutral
38,Kasihan personil ungu sekarang sepi job gara-gara ditinggal pasha,negative
471,"Kalau ada pulsa segudang, akan mengaktifkan wifi buat semua orang biar bisa internetan",positive
176,Menkeu menyampaikan bahwa lemahnya rupiah lebih berpengaruh pada defisit transaksi berjalan,neutral
392,"Pagi pagi di tol cipali sudah macet parah, bikin jengkel saja ini",negative
934,"Perihal pergantian rekening untuk pembayaran autodebet BPJS, Bapak Luqman bisa datang ke kantor cabang Bank Mandiri pengajuan autodebet tersebut ya. Untuk dapat dilakukan tutup rekening terlebih dahulu.",neutral
785,Mobil yang sehari-hari dipakai jeje adalah merk toyota dan berwarna krem.,neutral
245,"Suasana sawah dan pegunungan, ada wine cellarnya. Tapi makanannya mahal, mestinya kualitas bisa lebih baik karena banyak restoran serupa di bandung sekarang sudah menjamur",negative
469,Paling kesal kalau ada orang mengobrol di jalan sambil motoran apalagi kalau jalannya sempit,negative
679,"Pelayanan kurang aktif dan tidak ramah serta kurang dapat menjelaskan menu makanan yang ada, sehingga tamu merasa tidak diacuhkan dan didiamkan saja.",negative
597,"Restoran sangat bagus, pemandangan menghadap ke kota Bandar Lampung, sehingga sangat indah pada malam hari. Suasana sangat tenang, dekorasi ruangan sangat cantik. Saya sangat suka tempat ini.",positive
650,Calon pelamar cpns hanya dapat mendaftar di 1 instansi dan 1 formasi jabatan,neutral
58,"Makanan lumayan, saya order spring roll agak oily, harga hidangan utama cukup mahal. Bangunan unik tapi lokasi tidak terlalu bagus sehingga tempatnya selalu terlihat sepi. Saat order sebaiknya menyampaikannya lebih jelas, sebab yang terjadi pada kami, kami order 2 tapi menerima 3 item. Pelayan sangat ramah, tapi sikap kasirnya sedikit aneh. Mungkin saya tidak akan kembali lagi.",negative
191,"Ikan gurame bakar dan cah kangkung yang disajikan di red s dipo yang saya beli pada saat makan siang pada bulan november 2012, rasanya lumayan oke, hanya saja cabe pada sambalnya dan sayurannya seperti: Timun, tomat dan kangkungnya juga jeruk pada es jeruknya terasa kurang segar.",positive
246,Karya bakti bca finance posisi relationship officer membuka lowongan untuk penempatan pekanbaru,neutral
470,Makan bakso sambil ngobrol sama teman teman. Tempatnya asik buat makan. Harganya tidak terlalu mahal.,positive
450,"Di tengah proses hukum, warga tamansari bandung hadapi tekanan penggusuran",negative
930,Hari ini mau belanja di toko itu supaya bisa dapatkan peralatan masak keren plus kesempatan liburan ke Belanda.,positive
420,"Jangankan 1 jam, ngeplay stories yang cuma beberapa detik saja loadingnya lama sekali, indosat luar biasa.",negative
416,Tidak bosan dan terkesima. Setiap datang ke congo kafe. Tempatnya tenang. Nyaman. Coba deh datang malam hari. Lebih romantis. Kalau bawa pasangan,positive
863,Harganya sangat terjangkau dan menu makanannya cukup kekinian. Tempat makannya didekor dengan baik dan unik.,positive
946,Tempatnya kurang bersih. Untuk pergi ke sana agak susah karena rawan macet. Jadi berpikir dua kali kalau mau kembali lagi.,negative
136,"Tim saya akan mengadakan makan malam tema di burgundy. Daripada tersesat, saya dan sekretaris saya mencoba mengecek tempatnya dahulu sehari sebelumnya. Sekalian juga tes makanan. Perjalanannya jauh sekali dan naik turun bukit. Diperparah ketika kami ke sana itu hari minggu sore sehingga macet. Sesampainya di sana sih pemandangannya oke. Tapi layout restorannya biasa saja.",negative
63,"Saya gunaka bb tipe 9210, saya mendapat info sejak kemarin, dikenakan biaya gprs.",neutral
85,"Handphone saya lenovo, kecemplung di comberan pas 2 minggu baru beli, jatuh di aspal pas ngebut naik motor sampai isinya ke mana-mana, telepon genggam saya masih bertahan, mantap memang lenovo.",positive
824,Batagornya besar-besar dan dagingnya terasa banget. Mantap deh. Bumbunya rasanya enak. Cocok kalau dijadikan menu untuk makanan ringan sore hari.,positive
323,Sangat melelahkan malam ini.,negative
260,Saya sudah kirim email complaint karena telepon tidak masuk terus.,neutral
7,Porsinya banyak kepiting kisaran 100 ribu / porsi. Udang bakarnya enak. Enak bumbunya penuh rempah. Harga dan rasanya bersaing dengan perahu seafood jalan sumatera.,positive
225,Rizal ramli beberkan cara stabilkan harga beras,neutral
75,Saya sebagai warga jakarta malu kang sama oknum yang tidak bertanggung jawab yang mau sweeping bobotoh,negative
812,Bali adalah salah satu pulau yang menjadi tujuan destinasi para turis.,neutral
476,"Perjalanan kali ini dalam rangka urusan mencari tempat yang rekomendasi untuk klien kami. Jarak tempuh dari bandung kota cukup jauh memang, tetapi hal tersebut bisa terbayar dengan pemandangan yang yang cantik di waktu malam dan makan malam dengan makanan dan pelayanan okay.",positive
724,"Lokasinya memang sedikit tersembunyi di sudut sebuah perumahan. Konsep tempatnya bagus, seperti rumah di pedesaan eropa dengan lantai dan dinding kayu. Selain di dalam, pengunjung bisa menikmati makanannya di kursi-kursi di area taman yang unik menggunakan drum bekas.",positive
880,Kami menjual kabel hdmi premium 1 meter beli 2 gratis 1 di lapak Rich Com Store.,neutral
526,Tidak mau tahu. Balikin pulsa saya. Ini namanya perampokan. Paket nelp kalian juga perampokan. Baru ini saya komplain.,negative
680,Daun memiliki berbagai jenis bentuk.,neutral
55,"Saya dan keluarga mencoba bersantap di karamba resto karena sopir mobil sewa kami merekomendasikannya. Kami memang tiba di tempat agak malam sekitar pakai. 21 meskipun restoran belum tutup atau bersiap-siap akan tutup, namun beberapa menu telah habis. Bahkan ibu dan suami saya memesan nasi timbel yang sayur asemnya sudah habis dan diganti sup sayur oleh pihak resto. Tidak banyak pilihan yang bisa kami pilih. Kurang rekomendasi.",negative
234,"Berubah status jadi universitas, bsi gelar seminar motivasi",neutral
133,"Rumah makan zaman dahulu namun rasa tetap sama enaknya, ayam dan nasi kreceknya enak sekali, kadang saya sengaja beli untuk bungkus ke rumah",positive
765,"Agak kesal juga kalau tiap hari lewat sana melulu. Sempit, dua arah, macet sudah jadi makanan sehari-hari",negative
546,Adikku diterima di teknik lingkungan ITB,neutral
265,"Tolong cepat tindaklanjuti pengaduan saya, sebelum korban meretas gopay jadi bertambah.",neutral
798,Menu utama andalan mereka adalah ayam betutu yang dapat dipilih variasi rasanya mulai dari tidak pedas hingga sangat pedas. Selain ayam juga ada bebek betutu dengan variasi rasa yang sama.,neutral
67,Tidak pernah bisa bicara kata-kata kasar ke pasangan walau tujuannya bercanda / memang lagi marah banget karena saking respeknya saya ke dia,positive
722,Kemarin mereka mendaftar beasiswa djarum,neutral
232,Kak adit aku pesan indominya satu,neutral
35,"Oh iya diketerangan kan note 3 pro, kok yang dikirim note 3 ya, kecewa juragan",negative
659,"Pria tabrak warga dengan mobil di prancis, 2 terluka",neutral
25,"Saya penasaran pingin makan di sini. Ketika pesan, suara mas-masnya kecil sekali ampun deh tidak jelas bicara apa blubup blubup begitu haha. Saya memesan mi ayam 2baso ekstra, pacar saya memesan bakso urat soun. Tidak lama datang pesanan pacar saya dan ternyata tidak sesuai ekspektasi.",negative
757,Teman saya bekerja di gojek,neutral
703,"Ya, saya sudah hubungi via halo bca. Namun terputus terus dan pulsa saya kepotong banyak kalau telepon berulang-ulang!",negative
957,"Suasana sejuk, hijau, menyegarkan dan sangat cocok untuk refreshing saat kabur dari rutinitas. Untuk makanan yang mahal menurut saya bukan masalah karena lokasi yang bagus lebih penting.",positive
330,Bosan dengan dunia ini yang penuh dengan kemunafikan,negative
609,Orang sekarang kebanyakan sulit menghargai orang lain,negative
332,Tempat ini mengimingi makan steak dan daging dengan harga murah. Namun kenyataannya tidak murah jika dibandingkan dengan kualitas dagingnya yang tidak enak. Dagingnya keras dan rasanya hambar.,negative
869,Pagi sudah marah-marah karena pelayanan di bank cabang sanur yang tidak professional dan mengecewakan! Tidak salah banyak penilaian customer jelek.,negative
119,Pergi untuk makan siang bersama 6 keluarga yang terdiri dari orang dewasa dan anak anak. Kami mendapatkan saung yang jauh di atas. Kebayang dong jalan ke atas yang sangat melelahkan. Tempatnya memang bagus tapi lokasi saung yang sangat jauh dan melelahkan menuju ke atas. Saran saya kalau mau ke situ jangan pas makan siang karena pasti penuh. Harga makanan lumayan misil. Tapi pemandangannya bagus sekali.,positive
634,Steiknya lumayanlah enak. Warung ini cocok buat pelajar atau mahasiswa hehehe karena harganya terjangkau. Untuk makanannya oke kok.,positive
307,"Menurut saya makan di sini porsinya banyak dan harganya murah, terus makannya cepat datangnya lagi dan tempatnya juga bersih dan luas",positive
264,"Orang indonesia itu butuh pemimpin visioner bukan penghibur,",neutral
565,"Tong dji menyajikan aneka makan dan minuman, tidak hanya teh. Yang direkomendasikan: Teh poci gula batunya dan nasi goreng",positive
338,"Saya bukanlah penggemar berat kambing karena tidak tahan dengan baunya, tapi makan di tempat ini, saya seperti tidak sedang makan kambing! Dagingnya empuk, enak dan tidak berbau. Suasana restonya pun enak dan nyaman",positive
156,"Saya mau tutup kartu kredit dari beberapa bulan lalu, nih.",neutral
71,Yang benar-benar real tidak ada settingan,neutral
425,Duh indosat mengecewakan. Aku mau daftar baru kok malah kena tarif per kb? Pulsa berkurang drastis,negative
775,Aku memesan jaket gunung eiger,neutral
431,"Pelayanan sih memang cepat tapi masakannya asal asalan saja, asal jadi asal matang saja, pesan udang saos tiram, sama saja dengan masakan kepiting saos padang, tang untuk kepiting tidak diberikan jika tidak diminta.",negative
576,"Restoran dengan konsep tempat makan yang sangat asri, apalagi kalau malam suasananya sangat indah dengan lampu lampunya, makanannya pun enak rasanya. Cocok untuk tempat kumpul keluarga.",positive
759,Pertama coba karena ulasan beberapa orang tapi ternyata rasanya biasa saja. Sepiring 30 ribu. Sulit cari tempat duduk.,negative
359,"Tadi katanya suruh tunggu saja sampai sms diterima, sudah seharian tidak ada juga!",negative
473,Saatnya membuat karya visual 360 derajat dengan samsung! Ikuti langkah mudah di video ini.,neutral
242,"Katanya detil aroma chamomile, tapi kok baunya tidak enak begini sih",negative
92,Saya sangat puas dengan spesifikasi laptop asus,positive
104,Wekkend yang menyenangkan bersama keluarga di tempat yang fasilitasnya memadai dan harga terjangkau. Liburan makin menyenangkan dengan adanya kebun stroberi yang bisa memetik langsung dari kebunnya.,positive
849,Mohon perhatiannya admin. Jaringan di cileungsi bogor sangat buruk kualitasnya. Padahal bayarnya mahal.,negative
615,"Makanannya lezat: ayam goreng, tumis terong, sup ikan, tempe goreng, sambal. Pelayanannya juga bagus.",positive
848,"Pertama kali ke tempat ini, reservasi dan dapat nomor 3. Minta tempat di lantai bawah sehingga tidak perlu naik tangga karena ada yang lututnya sedang sakit. Menunggu hampir 40 menit tanpa kepastian. Saya batalkan. Tadinya tidak mau beri rating 1 karena memang mungkin ramai dan permintaan saya khusus, jadi sulit. Eh mbaknya malah ketus.",negative
131,Hasil quick count pilkada serentak 2018 diwarnai banyak kejutan.,neutral
605,Pemandangan bagus untuk santai bersama di sore hari dan malam hari. Makanan cukup variatif dan enak.,positive
286,Saya dan sodara istri saya sedang menghabiskan waktu di palembang. Saya mencari tempat makan dan bertemulah bakmi jogya. Setelah masuk terkejutlah karena saya harus mencari tempat duduk dan mencari tempat yang kosong saya terlantar selama 35 menit. Setelah memesan dengan menu mi godok. Lagi saya menunggunya sejam dan ini membuat saya hilang selera makan itu pun ditanyakan ke tukang masak.,negative
897,"Tempat tidurnya kotor, bantalnya bau semua... buat badan jadi gatal kayak banyak hewannya, jadi tidak bisa tidur dengan nyenyak.",negative
907,Perjalanan malam ini sungguh melelahkan.,negative
564,"Saya ke sini bersama beberapa teman untuk makan siang. Akses jalan menuju lokasi kafe ini sangat sempit dan terjal, bahkan beberapa bagian rusak. Kami memesan beberapa menu makanan. Setelah menunggu cukup lama, ketika makanan datang rasa dan tampilannya mengecewakan. Ternyata rasanya juga mengecewakan.",negative
441,Sesuai namanya creative space kafe sehingga banyak karya seni yang bisa dinikmati di dalamnya dan beberapa patung di bawah. Sedangkan di atas ada kafe dengan desain yang menarik dan cocok dikunjungi di sore hari. Tempatnya yang berada di lokasi tinggi membuat tempat ini punya pemandangan yang bagus.,positive
481,Selamat siang orang miskin. Semoga kalian cepat mati atau makin miskin dan sengsara.,negative
360,Gojek akan mulai membuka layanan mereka di beberapa negara asia tenggara.,neutral
20,Percayakah masyarakat indonesia dengan karangan bapak polisi yang terhormat ini? Yang katanya sudah bertemu dengan pemotornya? Silakan anda nilai mengarang di bawah ini. Dapat nilai berapa?,negative
475,Bandung di-mana macet. Jatinangor juga seperti tol brexit. Bisa pingsan dalem mobil kelamaan menunggu.,negative
144,"Waktu kami datang kami dalam daftar tunggu, walau banyak tersedia kursi kosong, mungkin beberapa tidak terpakai, namun staf tetap ramah walau ada beberapa pelanggan yang tidak senang dengan menunggu sambil melihat banyak kursi yang kosong. Order makanan di belakang restoran, dan menunya lumayan enak bagi kami. Ini kunjungan kedua kami, dan satu hal yang mengingatkan kami adalah penjual balon.",positive
186,"Kwetiauw goreng dan teh tarik menjadi pilihan makanan saya di sini, meskipun ada beberapa yang besan mi yamin, anda boleh coba juga nasi gorengnya",neutral
524,Bulan ini saldo di rekening saya nol.,neutral
542,Hotel ibis tamarkan wahid hasyim sangat mengecewakan untuk pelayanan. Terutama masalah reservation! Parah abiz!,negative
238,Jutek banget deh karyawan indosat yang di graha indosat,negative
914,Aku tidak pernah menyesal mencintaimu.,positive
387,Makanan di sini enak loh. Lebih enak ketimbang tempat makan sejenis di balikpapan. Tetapi ya harganya lebih mahal juga. Hhe / orang jatuhnya 100 ribuan lebih. Tapi puas karena rasa makanannya enak. Kuah tomyamnya. Mm. Enak.,positive
840,"Walaupun porsinya besar, tapi secara rasa, biasa saja. Harga tidak sesuai dengan porsi sih. Penyajiannya juga tidak begitu rapi, ya begitu saja.",negative
709,Ini kunjungan pertama kami ke restoran cabang utama. Sebelumnya kami sering pesan dari cabang yang lain. Karena kami sangka di sini suasana lebih bagus dan menu lebih banyak. Tetapi saya terkejut dengan sikap pelayan yang tidak ramah. Kami akan duduk di sofa luar atas saran pelayan wanita. Tetapi pelayan pria tidak mengizinkan dengan alasan malas membersihkan.,negative
906,Badan pemerintah satu ini harus dibubarkan karena selama ini kerjanya tidak ada arti sama sekali.,negative
883,Bakpao ini sudah terkenal dari zaman dulu namun sampai sekarang masih banyak digemari karena rasanya yang khas.,positive
267,Pelayan dan pemilik yang duduk di kasir tidak komunikatif dan tidak bisa memberikan rekomendasi untuk porsi menu yang harus kami pesan. Rasanya standar. Parkir susah.,negative
114,"Saat saya ingin mencari makanan yang berbagai macam pilihan, saya pun di rekomendasikan oleh teman untuk makan di sini, selain murah juga nikmat makanannya. Hanya saja sedikit lama untuk kita menunggu pesanan.",positive
927,"Tidak akan ada yang milih lagi, kamu pikir masyarakat sekarang masih bisa ditipu?",negative
878,Sangat kecewa sekali karena liga champions tidak disiarkan di channel manapun baik channel lokal ataupun channel olahraganya. Seharusnya kalian perjuangkan hak siar itu karena pelanggan sudah bayar mahal.,negative
734,Mahasiswa jangan sok-sokan deh ikut politik. Belajar sana saja deh.,negative
43,Terdapat banyak taman kota di malang.,neutral
566,Warga temukan 2.910 keping ktp-el di semak belukar,neutral
743,"Saya senang dengan aplikasi gojek, memudahkan dalam banyak aktivitas",positive
829,"Aku pernah instal traveloka, tapi karena tidak terpakai akhirnya aku uninstal lagi",neutral
199,"Tempatnya bagus buat foto foto, dan sejuk lagi udaranya, tapi jangan coba coba makan di situ, sudah harganya mahal, tidak enak lagi, menyesal deh",negative
410,"Sayangnya, handphone xiaomi apa pun tidak bisa kalau cuma beli 16 gb karena software bawaannya itu gede banget",negative
204,Ini ada udang dibalik batu supaya anaknya itu dipilih jadi wakil presiden.,negative
893,"Suka banget dengan menu kentang panggangnya. Untuk harga, standar steak lah. Rasa sebanding dengan harga. Menurut saya suasana tempatnya cukup nyaman dan ada taman di bagian tengahnya. Restoran yang wajib saya kunjungi kalau ke bandung lagi!:",positive
809,"Kafe rindang dengan suasana pedesaan dan hutan berpadu apik dengan air terjun kecil yang indah untuk rasa cukup enak dan harga yang tidak telalu mahal, direkomendasikan bagi semuanya",positive
826,Otakmu nyatanya hanya sebesar kelereng.,negative
639,Jadi bosan. Semua film sudah ditonton dan sekarang mati gaya.,negative
681,Bapak berkumis lebat itu menyebrang menggunakan zebra cross,neutral
26,"Banyak komen di tripadvisor membuat saya penasaran, bermodalkan perut kosong supaya melahap lontong padang kesukaan saya ternyata benar-benar membuat kecewa, akhirnya saya cuma minta dibungkus saja selera makan pun menjadi luntur. Masih mending makan lontong padang yang di itb, untuk rasa masih jauh",negative
167,Susah payah selfie demi si samsung galaxy. Yang penting usaha dan tetap bernyanyi,neutral
395,"Makanan enak, suasana sangat asri dan sejuk dengan banyak pepohonan, dan suara air sungai yang mengalir buat tambah nyaman dan tenang. Pelayanan yang cepat sehingga kita tidak menunggu lama. Ada ruang salat yang nyaman. Menu makanan enak harga terjangkau",positive
671,"Tidak pernah bosan! Dari tahun 1996 saya pertama kali kenal ayam goreng suharti, saya langsung katakan inilah ayam paling top yang pernah saya makan. Resep rahasia dan bumbu kremesnya menambah cita rasa tersendiri dari ayam goreng legendaris asli indonesia ini",positive
239,"Promonya menipu atau gimana ya. Dicek katanya ada promo 77 ribu dapat kuota 30 gb diskon 40% dari harga aslinya, pas saya isi pulsa sebesar 80 ribu belum di daftarkan apa-apa sudah banyak ke potong 5 ribu. Kenapa bisa begitu ya? Kecewa sih.",negative
922,Alternatif jasa bersih-bersih di jakarta. Aku udah nyobain. Sejauh ini hasilnya lebih oke dari yang lain,positive
428,"Istri saya beli beberapa produk di toko yang sama, dan beratnya belum sampai 1 kilo, menggunakan pengiriman via gosend, dikenakan ongkir 2x, kurang ajar!",negative
732,Kenapa aku baca pernyataan sikap para calon ketua umum ini semuanya membosankan. Macam entahlah.,negative
713,"Diajakin teman waktu masih kuliah, katanya satenya enak... tapi setelah dicoba kurang masuk sama selera saya... hehe hanya opini saya.",negative
876,"Lelah dalam perjalanana yang lumayan jauh dari kota terbayar dengan suasana dan lezatnya hidangan, disempurnakan dengan pelayanan yang ramah serta cepat dari pramusaji. Jangan lupa pilih desert buah stroberi segar dihidangkan dengan susu coklat, anda akan ketagihan.",positive
637,"Parkiran sebenarnya luas, tapi karena pengunjung banyak, kami harus parkir di pinggir jalan. Namun petugas keamanan sangat helpul mengarahkan. Kesan tidak terlalu luas, selebar rumah tua standar, namun ternyata di dalam terdapat ruang yang luas. Terdapat kursi dan sofa berbagai jenis, hampir tidak sama semua, namun kesannya jadi menyenangkan untuk kumpul.",positive
270,"Makanan di sini cukup enak, tapi harganya cukup tinggi menurut saya. Kami mengambil pondokan di area seperti persawahan, saat makanan datang cukup banyak lalat. Sempat kesal sesaat karena permintaan lilin agak lambat direspons. Pelayan yang membawa makanan lama baru menanggapi pesanan, mungkin masih baru.",negative
882,"Tempat makan ini sebetulnya cukup menarik karena berbagai kuliner indonesia tersedia di tempat ini. Namun sayang, mungkin karena terlalu menarik, jadi jumlah pengunjung rasanya melebihi kapasitas tempat yang tersedia, jadi terkesan sesak",negative
461,"Tidak ada matinya menyusuri kafe di bandung. Termasuk tempat ini, bagus tempat banget deh, kopi lattenya juga pas dengan lidah saya. Harga? Setimpallah.",positive
451,"Pengalaman yang cukup seru, makan tanpa alas piring, tapi hanya dengan alas daun, makin nikmat. Makanan sunda yang sangat bervariatif dan cukup enak. Tipsnya: Jangan terbawa emosi dan kalap memesan dan memilih semua makanan yang disediakan biasanya kalap kalau sudah melihat makanan macam-macam begitu. Pilih seperlunya.",positive
366,"Pemandangan yang luar biasa dari kafe ini, menyajikan sentuhan cemara dan eksotisnya alam hutan raya bandung. Selain itu makanan dan minuman yang terbilang murah banget. Keren!",positive
433,"Waktu pertama buka lumayan. Tetapi makin ke sini kualitasnya menurun. Minya kurang rasa, juga kuahnya.",negative
458,"Resto tempat makan kambing bakar yang saya rekomendasikan sewaktu anda berkunjung ke kota ini. Kambing bakarnya enak, gurih plus jauh dari yang namanya bau kambing serta empuk. Sop buntutnya pun tidak kalah sedapnya. Tempatnya pun asyik banget, cocok juga buat yang ingin menghabiskan waktu bareng keluarga atau teman.",positive
4,"Penasaran dengan ulasan orang, spesial cari waktu ke warung sale. Awalnya semangat. Menembus macet. Demilah. Tapi kecewa dengan jalannya. Selain jauh, kondisi jalan yang buruk membuat semangat mulai luntur. Phisik bangunan unik, ada musik lift. Kapasitas ruangan terbatas kayaknya. Menu cukup unik dan kreatif. Tapi belum cukup berharga mengobati kecewanya perjalanan.",negative
985,Minggu kemarin di kampung saya sempat ada jaringan 4G,neutral
706,"Kalau ke sini menyiapkan perut kosong ya karena di sini konsepnya bisa makan sepuasnya. Puas banget makan di sini, sesuai kok sama harganya. Aku sukanya nasi goreng, enak banget.",positive
460,Untuk menanyakan kredit mandiri finance bisa di sini juga.,neutral
331,"Sekarang restorannya bertingkat 2. Sayangnya ketika saya ke sana acnya mati jadi gerah. Dan yang membuat saya heran, saya tidak pernah dikasih struk.",negative
377,"Kami berkunjung ke restoran ini pada malam hari. Wow, tempatnya sangat romantis. Lilin, jalan mendaki, konsep lesehan di tengah suara air terjun yang cukup dekat membuat suasana makan lebih nikmat.",positive
652,"Tempat ini menyediakan beberapa makanan, tapi yang saya coba tentu saja batagornya, tempatnya pun bersih.",positive
513,Enak. Yang jelas sambal tysonnya oke! Makan pakai menu apa saja cocok. Siap kepedesan dan timbangan naik kalau makan di sini!,positive
530,"Silakan kunjungi toko kita buat yang kemarin cari handphone advan, xiaomi redmi 4a dan nokia 150",neutral
917,Mahasiswa zaman sekarang terlalu banyak mengeluh tapi kurang berkarya,negative
586,"Menunya simpel, pastanya banyak pilihan rasa, tempatnya nyaman, minuman juga banyak pilihan, ada makanan penutup juga. Tambah jadwal live musik harusnya biar makin kece.",positive
783,Tagihan internet saya enggak masuk akal 250% lebih mahal kakak! Butuh penjelasan.,negative
457,Kecewa banget. Pesan dan bayar tiket pesawat dilakukan jam setengah 1 dini hari buat penerbangan jam6 pagi. E - tiket tidak dikirim. Tiba-tiba dihubungi via email kalau tiket yang sudah dibayar telah habis jam-jam pagi. Kalau tiketnya habis kenapa masih bisa dibooking.,negative
520,"Sangat miris bin ironis, sikap tidak berkualitas! Tidak layak jadi wakil rakyat 270 juta populasi penduduk dari sabang sampai merauke!",negative
17,"Untuk makanan beragam hanya saja minyak terlalu banyak, gurame goreng tidak enak karena tidak digoreng garing. Juice yang ditawarkan terlalu banyak air dan kurang segar",negative
501,"Semoga selalu setia menemani rakyat indonesia dari sabang - merauke, dari kota sampai pelosok desa.",neutral
27,Toyota menduduki peringkat pertama sebagai merek mobil yang paling bernilai.,neutral
45,Maklum sesama maling harus saling melindungi. Jadi yang dimasalahkan adalah soal prosedur dan bukan substansi bahwa anggota dewan tertangkap tangan terima sogokan.,negative
236,"Rasanya lumayan. Sambelnya juga enak. Apalagi disajikan 3 macam model begitu. Terus banyak pilihan sih sebenarnya mau makan apa di sini. Mau gurame, mau kakap, bawal, kerang, cumi, udang. Macem-macem deh. Asal jangan pesan ikan kembung saja. Tidak ada di sini.",positive
610,Sekarang saya sudah terlalu membenci online shop buatan asing itu,negative
94,"Dari zaman kuliah sampai sekarang masih doyan saja makan di kuis butcher. Enak, terjangkau, tempatnya juga nyaman.",positive
372,"Malas makan oreo, suka bikin gigi hitam",negative
902,"Menu favorit saya adalah sup daging dan minumannya es cingcau hitam. Rasanya enak, sangat rekomendasi.",positive
152,Pemandangan surabaya malam luarbiasa makanannya enak enak tetapi harganya luarbiasa juga jarak tidak terlalu jauh tapi pemandangannya luarbiasa dan suasananya asyik,positive
790,"Hindari kepadatan, menhub imbau masyarakat tidak kembali ke jakarta bersamaan pada 1 januari",neutral
32,Restoran dengan pemandangan yang menawan meskipun harus ditempuh dengan kondisi yang cukup curam. Namun terbayar dengan tempat dan rasa yang oke,positive
302,Steak sebenar-benarnya steak especially chiken cordon bulenya yang bikin kangen plus makan yang diselimuti pemandangan bandung yang top markotop. Pas banget datangnya malam ya dengan pasangan bagaimana pun dengan keluarga juga tetap asyik. Jalan menuju ke lokasi memang berli ku perlu usaha dan kerja keras.,positive
357,Ini salah satu tempat yang makanannya enak dan pemandangannya sejuk dimata. Buat kumpul dengan keluarga atau teman-teman merupakan tempat yang cocok.,positive
736,Menyebalkan. Senin pagi beserta macet parah dan banjir,negative
953,Tidak ada yang terlalu istimewa dari restoran yang menyajikan menu makanan khas sunda ini. Rasa beberapa makanan yang saya pesan sama saja dengan rasa rumah makan sunda lainnya. Tidak mampu menumbuhkan rasa nikmat yang kuat dan membuat saya terkesan secara mendalam. Hanya ayam goreng sambel penyet pesanan saya yang rasanya sedikit mendekati nikmat.,negative
763,"Iklan youtube kenapa tidak bisa diskip sih, ganggu banget",negative
36,Pelayanan pt kami sangat memuaskan,positive
24,"Pertama kalinya datang ke eatalia, saya datang bersama dengan teman dan 1 orang anak. Tidak memusingkan ketika memlilih makanan untuk anak karena di sini menyediakan menu dengan porsi anak. Kami memesan pizza dengan roti berwarna hitam. Untuk keseluruhan menu yang saya pesan tidak mengecewakan.",positive
243,Menangkan hadiah keren cukup dengan mengikuti foto kontes baik untuk men di alfamart.,neutral
969,Kalau ke Bukittinggi jangan lupa singgah di Pasar Atas. Banyak pilihan makanan enak. Jangan lupa bawa kamera buat foto foto,positive
362,"Inilah mitos yang membuat tahun baru menjadi seremonial dan artifisial, tanpa kedalaman makna",negative
53,India sedang membuat superbike listrik berkecepatan tinggi,neutral
57,Sudah lama saya ingin pergi jalan-jalan ke luar negeri,neutral
230,"Tenderloin steak di suis butcher sangat enak - juicy, dan saus kuisnya pas di lidah. Selain itu harganya pun pas di kantong. Oleh karena itu, bersiaplah untuk mengantre apabila anda berkunjung di akhir pekan dan pada saat jam makan pula.",positive
413,Temanku juga banyak yang bekerja di bukalapak,neutral
65,"Minimal punten, saya mau beli tiket kami senen - yogyakarta pakai promo yang bulan mei.",neutral
903,Disarankan jangan pergi ke sana ketika jam makan karena akan agak sulit untuk mencari tempat duduk.,neutral
161,Parah pesan bukalapak pakai gosend kemarin sampai sekarang belum sampai bagaimana ini. Barangnya butuh sekali,negative
899,Kamarnya bau rokok. Seprai tidak diganti untuk tamu baru dan msih ada bekas abu rokoknya.,negative
589,Si A omongnya tong kosong nyaring bunyinya bicara tidak berbobot,negative
636,"Sambalnya tidak akan ada di tempat lain. Rasa terasinya sangat khas, asin manisnya pas. Ruangannya memang kelas warung tapi jangan kaget waktu bayar harganya kelas resto tapi sebanding dengan kualitas makanannya",positive
710,"Menurut saya steaknya cukup enak, hanya lebih baik pesan yang paling gede aja, itu lebih empuk dari yang lain. Kalau ke sini, bisa sebarkan foto di media sosial dan mendapatkan es krim gratis. Es krimnya enak loh: Kalau segi makanan oke, dari pelayanan juga baik.",positive
250,Dijaga ya makannya gus emang lagi musimnya sekarang itu. Iyasi jenuh itu malah bikin sakit,negative
719,"Lama-lama di sini gua bisa hipertensi ngadepin pasien bpjs, bayar tidak seberapa tapi mau pelayanan eksekutif dan ngomel-ngomel, naik kereta saja kalau mau yang eksekutif",negative
